week_number,year,household_size,weekly_kwh,avg_temperature,is_hot_season,is_cold_season,is_hvac_week,weekend_days,rolling_mean_4w,rolling_std_4w,z_score,is_anomaly,anomaly_type
0,2025,2,223.44,0.6,0,1,1,48,223.44,0.0,0.0,0,none
1,2025,2,307.21,0.69,0,1,1,48,307.21,0.0,0.0,0,none
2,2025,2,312.39,-0.69,0,1,1,48,312.39,0.0,0.0,0,none
3,2025,2,304.75,0.31,0,1,1,48,304.75,0.0,0.0,0,none
4,2025,2,310.88,-0.41,0,1,1,48,286.947,36.77,0.6509,0,none
5,2025,2,313.93,-1.66,0,1,1,48,308.808,15.44,0.3318,0,none
6,2025,2,309.89,2.1,0,1,1,48,310.487,15.524,-0.0385,0,none
7,2025,2,306.18,-2.94,0,1,1,48,309.862,15.493,-0.2377,0,none
8,2025,2,286.35,5.66,0,1,1,48,310.22,15.511,-1.5389,0,none
9,2025,2,217.18,15.76,0,0,1,48,304.087,15.204,-5.716,1,low
10,2025,2,222.0,14.53,0,0,1,48,279.9,37.301,-1.5522,0,none
11,2025,2,218.33,15.01,0,0,1,48,257.928,39.011,-1.015,0,none
12,2025,2,218.16,15.56,0,0,1,48,235.965,29.144,-0.6109,0,none
13,2025,2,219.65,15.67,0,0,1,48,218.917,10.946,0.0669,0,none
14,2025,2,218.1,14.16,0,0,1,48,219.535,10.977,-0.1307,0,none
15,2025,2,216.77,14.07,0,0,1,48,218.56,10.928,-0.1638,0,none
16,2025,2,220.34,13.27,0,0,1,48,218.17,10.908,0.1989,0,none
17,2025,2,219.48,16.17,0,0,1,48,218.715,10.936,0.07,0,none
18,2025,2,220.46,14.64,0,0,1,48,218.672,10.934,0.1635,0,none
19,2025,2,218.74,14.07,0,0,1,48,219.262,10.963,-0.0477,0,none
20,2025,2,218.94,12.61,0,0,1,48,219.755,10.988,-0.0742,0,none
21,2025,2,235.34,16.9,1,0,1,48,219.405,10.97,1.4526,0,none
22,2025,2,294.13,30.54,1,0,1,48,223.37,11.169,6.3357,1,high
23,2025,2,285.64,31.33,1,0,1,48,241.788,30.962,1.4163,0,none
24,2025,2,291.84,29.73,1,0,1,48,258.513,32.045,1.04,0,none
25,2025,2,287.82,29.07,1,0,1,48,276.738,24.102,0.4598,0,none
26,2025,2,288.19,27.64,1,0,1,48,289.857,14.493,-0.1151,0,none
27,2025,2,286.61,29.13,1,0,1,48,288.373,14.419,-0.1222,0,none
28,2025,2,285.97,30.89,1,0,1,48,288.615,14.431,-0.1833,0,none
29,2025,2,286.33,30.1,1,0,1,48,287.147,14.357,-0.0569,0,none
30,2025,2,292.76,29.57,1,0,1,48,286.775,14.339,0.4174,0,none
31,2025,2,287.17,31.04,1,0,1,48,287.917,14.396,-0.0519,0,none
32,2025,2,284.05,29.29,1,0,1,48,288.057,14.403,-0.2782,0,none
33,2025,2,288.79,30.97,1,0,1,48,287.577,14.379,0.0843,0,none
34,2025,2,284.72,30.3,1,0,1,48,288.192,14.41,-0.241,0,none
35,2025,2,226.84,13.64,0,0,1,48,286.182,14.309,-4.1472,1,low
36,2025,2,225.6,15.21,0,0,1,48,271.1,25.618,-1.7761,0,none
37,2025,2,229.22,12.69,0,0,1,48,256.487,30.305,-0.8998,0,none
38,2025,2,228.54,14.16,0,0,1,48,241.595,24.932,-0.5236,0,none
39,2025,2,226.63,12.03,0,0,1,48,227.55,11.377,-0.0809,0,none
40,2025,2,226.09,14.27,0,0,1,48,227.497,11.375,-0.1237,0,none
41,2025,2,229.57,13.6,0,0,1,48,227.62,11.381,0.1713,0,none
42,2025,2,233.19,11.79,0,0,1,48,227.707,11.385,0.4815,0,none
43,2025,2,226.65,14.67,0,0,1,48,228.87,11.443,-0.194,0,none
44,2025,2,233.65,13.8,0,0,1,48,228.875,11.444,0.4173,0,none
45,2025,2,229.19,11.57,0,0,1,48,230.765,11.538,-0.1365,0,none
46,2025,2,227.01,14.94,0,0,1,48,230.67,11.534,-0.3173,0,none
47,2025,2,227.33,11.51,0,0,1,48,229.125,11.456,-0.1567,0,none
48,2025,2,308.04,1.43,0,1,1,48,229.295,11.465,6.8684,1,high
49,2025,2,311.43,1.67,0,1,1,48,247.893,34.736,1.8291,0,none
50,2025,2,311.97,-1.34,0,1,1,48,268.453,41.3,1.0537,0,none
51,2025,2,309.91,0.9,0,1,1,48,289.692,36.037,0.561,0,none
52,2025,2,129.12,-1.4,0,1,1,0,310.338,15.517,-11.6787,1,low
0,2025,3,135.92,0.6,0,1,1,24,135.92,0.0,0.0,0,none
1,2025,3,180.55,0.69,0,1,1,24,180.55,0.0,0.0,0,none
2,2025,3,184.5,-0.69,0,1,1,24,184.5,0.0,0.0,0,none
3,2025,3,181.31,0.31,0,1,1,24,181.31,0.0,0.0,0,none
4,2025,3,184.2,-0.41,0,1,1,24,170.57,20.06,0.6795,0,none
5,2025,3,180.84,-1.66,0,1,1,24,182.64,9.132,-0.1971,0,none
6,2025,3,180.15,2.1,0,1,1,24,182.713,9.136,-0.2805,0,none
7,2025,3,180.11,-2.94,0,1,1,24,181.625,9.081,-0.1668,0,none
8,2025,3,167.47,5.66,0,1,1,24,181.325,9.066,-1.5282,0,none
9,2025,3,125.18,15.76,0,0,1,24,177.143,8.857,-5.8667,1,low
10,2025,3,126.69,14.53,0,0,1,24,163.228,22.567,-1.6191,0,none
11,2025,3,120.05,15.01,0,0,1,24,149.863,24.347,-1.2245,0,none
12,2025,3,124.9,15.56,0,0,1,24,134.848,18.995,-0.5237,0,none
13,2025,3,123.42,15.67,0,0,1,24,124.205,6.21,-0.1264,0,none
14,2025,3,127.23,14.16,0,0,1,24,123.765,6.188,0.5599,0,none
15,2025,3,127.76,14.07,0,0,1,24,123.9,6.195,0.6231,0,none
16,2025,3,123.51,13.27,0,0,1,24,125.828,6.291,-0.3684,0,none
17,2025,3,122.0,16.17,0,0,1,24,125.48,6.274,-0.5547,0,none
18,2025,3,129.09,14.64,0,0,1,24,125.125,6.256,0.6338,0,none
19,2025,3,125.36,14.07,0,0,1,24,125.59,6.28,-0.0366,0,none
20,2025,3,124.85,12.61,0,0,1,24,124.99,6.25,-0.0224,0,none
21,2025,3,134.28,16.9,1,0,1,24,125.325,6.266,1.4291,0,none
22,2025,3,172.41,30.54,1,0,1,24,128.395,6.42,6.8562,1,high
23,2025,3,168.5,31.33,1,0,1,24,139.225,19.523,1.4995,0,none
24,2025,3,168.73,29.73,1,0,1,24,150.01,20.761,0.9017,0,none
25,2025,3,169.74,29.07,1,0,1,24,160.98,15.493,0.5654,0,none
26,2025,3,167.12,27.64,1,0,1,24,169.845,8.492,-0.3209,0,none
27,2025,3,175.63,29.13,1,0,1,24,168.522,8.426,0.8435,0,none
28,2025,3,167.64,30.89,1,0,1,24,170.305,8.515,-0.313,0,none
29,2025,3,172.73,30.1,1,0,1,24,170.032,8.502,0.3173,0,none
30,2025,3,172.43,29.57,1,0,1,24,170.78,8.539,0.1932,0,none
31,2025,3,166.77,31.04,1,0,1,24,172.107,8.605,-0.6203,0,none
32,2025,3,166.95,29.29,1,0,1,24,169.892,8.495,-0.3464,0,none
33,2025,3,169.52,30.97,1,0,1,24,169.72,8.486,-0.0236,0,none
34,2025,3,170.19,30.3,1,0,1,24,168.918,8.446,0.1507,0,none
35,2025,3,128.84,13.64,0,0,1,24,168.358,8.418,-4.6945,1,low
36,2025,3,128.92,15.21,0,0,1,24,158.875,17.383,-1.7233,0,none
37,2025,3,130.55,12.69,0,0,1,24,149.368,20.489,-0.9184,0,none
38,2025,3,132.7,14.16,0,0,1,24,139.625,17.66,-0.3921,0,none
39,2025,3,129.6,12.03,0,0,1,24,130.252,6.513,-0.1002,0,none
40,2025,3,129.3,14.27,0,0,1,24,130.442,6.522,-0.1752,0,none
41,2025,3,130.42,13.6,0,0,1,24,130.537,6.527,-0.018,0,none
42,2025,3,129.26,11.79,0,0,1,24,130.505,6.525,-0.1908,0,none
43,2025,3,130.77,14.67,0,0,1,24,129.645,6.482,0.1736,0,none
44,2025,3,130.67,13.8,0,0,1,24,129.938,6.497,0.1127,0,none
45,2025,3,130.66,11.57,0,0,1,24,130.28,6.514,0.0583,0,none
46,2025,3,129.03,14.94,0,0,1,24,130.34,6.517,-0.201,0,none
47,2025,3,127.79,11.51,0,0,1,24,130.282,6.514,-0.3826,0,none
48,2025,3,184.95,1.43,0,1,1,24,129.537,6.477,8.5554,1,high
49,2025,3,179.26,1.67,0,1,1,24,143.107,24.179,1.4952,0,none
50,2025,3,189.64,-1.34,0,1,1,24,155.257,26.926,1.2769,0,none
51,2025,3,183.93,0.9,0,1,1,24,170.41,24.88,0.5434,0,none
52,2025,3,76.87,-1.4,0,1,1,0,184.445,9.222,-11.6647,1,low
0,2025,6,442.27,0.6,0,1,1,48,442.27,0.0,0.0,0,none
1,2025,6,628.38,0.69,0,1,1,48,628.38,0.0,0.0,0,none
2,2025,6,620.35,-0.69,0,1,1,48,620.35,0.0,0.0,0,none
3,2025,6,626.28,0.31,0,1,1,48,626.28,0.0,0.0,0,none
4,2025,6,616.43,-0.41,0,1,1,48,579.32,79.181,0.4687,0,none
5,2025,6,618.75,-1.66,0,1,1,48,622.86,31.143,-0.132,0,none
6,2025,6,623.64,2.1,0,1,1,48,620.453,31.023,0.1027,0,none
7,2025,6,616.65,-2.94,0,1,1,48,621.275,31.064,-0.1489,0,none
8,2025,6,570.65,5.66,0,1,1,48,618.868,30.943,-1.5582,0,none
9,2025,6,421.21,15.76,0,0,1,48,607.423,30.371,-6.1312,1,low
10,2025,6,427.8,14.53,0,0,1,48,558.038,81.578,-1.5965,0,none
11,2025,6,430.11,15.01,0,0,1,48,509.078,86.154,-0.9166,0,none
12,2025,6,426.13,15.56,0,0,1,48,462.443,62.559,-0.5805,0,none
13,2025,6,432.3,15.67,0,0,1,48,426.312,21.316,0.2809,0,none
14,2025,6,429.82,14.16,0,0,1,48,429.085,21.454,0.0343,0,none
15,2025,6,424.08,14.07,0,0,1,48,429.59,21.48,-0.2565,0,none
16,2025,6,438.96,13.27,0,0,1,48,428.083,21.404,0.5082,0,none
17,2025,6,429.63,16.17,0,0,1,48,431.29,21.564,-0.077,0,none
18,2025,6,427.45,14.64,0,0,1,48,430.622,21.531,-0.1473,0,none
19,2025,6,430.82,14.07,0,0,1,48,430.03,21.501,0.0367,0,none
20,2025,6,425.48,12.61,0,0,1,48,431.715,21.586,-0.2888,0,none
21,2025,6,448.02,16.9,1,0,1,48,428.345,21.417,0.9187,0,none
22,2025,6,570.26,30.54,1,0,1,48,432.942,21.647,6.3435,1,high
23,2025,6,574.66,31.33,1,0,1,48,468.645,59.256,1.7891,0,none
24,2025,6,577.93,29.73,1,0,1,48,504.605,68.339,1.073,0,none
25,2025,6,581.48,29.07,1,0,1,48,542.717,54.741,0.7081,0,none
26,2025,6,587.25,27.64,1,0,1,48,576.082,28.804,0.3877,0,none
27,2025,6,577.5,29.13,1,0,1,48,580.33,29.016,-0.0975,0,none
28,2025,6,568.88,30.89,1,0,1,48,581.04,29.052,-0.4186,0,none
29,2025,6,588.39,30.1,1,0,1,48,578.777,28.939,0.3322,0,none
30,2025,6,570.67,29.57,1,0,1,48,580.505,29.025,-0.3388,0,none
31,2025,6,571.36,31.04,1,0,1,48,576.36,28.818,-0.1735,0,none
32,2025,6,584.87,29.29,1,0,1,48,574.825,28.741,0.3495,0,none
33,2025,6,568.64,30.97,1,0,1,48,578.822,28.941,-0.3518,0,none
34,2025,6,574.1,30.3,1,0,1,48,573.885,28.694,0.0075,0,none
35,2025,6,444.01,13.64,0,0,1,48,574.743,28.737,-4.5493,1,low
36,2025,6,448.9,15.21,0,0,1,48,542.905,57.395,-1.6379,0,none
37,2025,6,452.41,12.69,0,0,1,48,508.913,62.511,-0.9039,0,none
38,2025,6,445.11,14.16,0,0,1,48,479.855,54.494,-0.6376,0,none
39,2025,6,443.61,12.03,0,0,1,48,447.608,22.38,-0.1786,0,none
40,2025,6,447.65,14.27,0,0,1,48,447.507,22.375,0.0064,0,none
41,2025,6,447.01,13.6,0,0,1,48,447.195,22.36,-0.0083,0,none
42,2025,6,446.83,11.79,0,0,1,48,445.845,22.292,0.0442,0,none
43,2025,6,443.96,14.67,0,0,1,48,446.275,22.314,-0.1037,0,none
44,2025,6,448.14,13.8,0,0,1,48,446.363,22.318,0.0796,0,none
45,2025,6,445.29,11.57,0,0,1,48,446.485,22.324,-0.0535,0,none
46,2025,6,453.37,14.94,0,0,1,48,446.055,22.303,0.328,0,none
47,2025,6,450.87,11.51,0,0,1,48,447.69,22.385,0.1421,0,none
48,2025,6,623.34,1.43,0,1,1,48,449.418,22.471,7.7399,1,high
49,2025,6,619.67,1.67,0,1,1,48,493.218,75.183,1.6819,0,none
50,2025,6,621.25,-1.34,0,1,1,48,536.812,84.707,0.9968,0,none
51,2025,6,618.15,0.9,0,1,1,48,578.782,73.862,0.533,0,none
52,2025,6,261.79,-1.4,0,1,1,0,620.602,31.03,-11.5634,1,low
0,2025,7,260.88,0.6,0,1,1,24,260.88,0.0,0.0,0,none
1,2025,7,352.11,0.69,0,1,1,24,352.11,0.0,0.0,0,none
2,2025,7,351.18,-0.69,0,1,1,24,351.18,0.0,0.0,0,none
3,2025,7,357.68,0.31,0,1,1,24,357.68,0.0,0.0,0,none
4,2025,7,365.58,-0.41,0,1,1,24,330.463,40.25,0.8725,0,none
5,2025,7,348.18,-1.66,0,1,1,24,356.638,17.832,-0.4743,0,none
6,2025,7,360.73,2.1,0,1,1,24,355.655,17.783,0.2854,0,none
7,2025,7,353.46,-2.94,0,1,1,24,358.042,17.902,-0.256,0,none
8,2025,7,324.74,5.66,0,1,1,24,356.987,17.849,-1.8066,0,none
9,2025,7,250.49,15.76,0,0,1,24,346.778,17.339,-5.5533,1,low
10,2025,7,251.26,14.53,0,0,1,24,322.355,43.619,-1.6299,0,none
11,2025,7,254.54,15.01,0,0,1,24,294.988,45.267,-0.8935,0,none
12,2025,7,259.24,15.56,0,0,1,24,270.258,31.492,-0.3498,0,none
13,2025,7,251.64,15.67,0,0,1,24,253.882,12.694,-0.1767,0,none
14,2025,7,259.25,14.16,0,0,1,24,254.17,12.709,0.3997,0,none
15,2025,7,249.43,14.07,0,0,1,24,256.168,12.808,-0.526,0,none
16,2025,7,256.06,13.27,0,0,1,24,254.89,12.745,0.0918,0,none
17,2025,7,257.03,16.17,0,0,1,24,254.095,12.705,0.231,0,none
18,2025,7,252.17,14.64,0,0,1,24,255.442,12.772,-0.2562,0,none
19,2025,7,251.19,14.07,0,0,1,24,253.672,12.684,-0.1957,0,none
20,2025,7,253.32,12.61,0,0,1,24,254.112,12.706,-0.0624,0,none
21,2025,7,264.25,16.9,1,0,1,24,253.428,12.671,0.8541,0,none
22,2025,7,334.15,30.54,1,0,1,24,255.233,12.762,6.184,1,high
23,2025,7,334.69,31.33,1,0,1,24,275.728,34.092,1.7295,0,none
24,2025,7,337.57,29.73,1,0,1,24,296.602,38.015,1.0777,0,none
25,2025,7,338.5,29.07,1,0,1,24,317.665,30.867,0.675,0,none
26,2025,7,332.79,27.64,1,0,1,24,336.227,16.811,-0.2045,0,none
27,2025,7,334.84,29.13,1,0,1,24,335.888,16.794,-0.0624,0,none
28,2025,7,338.55,30.89,1,0,1,24,335.925,16.796,0.1563,0,none
29,2025,7,330.48,30.1,1,0,1,24,336.17,16.809,-0.3385,0,none
30,2025,7,345.2,29.57,1,0,1,24,334.165,16.708,0.6605,0,none
31,2025,7,334.83,31.04,1,0,1,24,337.268,16.863,-0.1445,0,none
32,2025,7,338.79,29.29,1,0,1,24,337.265,16.863,0.0904,0,none
33,2025,7,340.26,30.97,1,0,1,24,337.325,16.866,0.174,0,none
34,2025,7,340.81,30.3,1,0,1,24,339.77,16.989,0.0612,0,none
35,2025,7,259.88,13.64,0,0,1,24,338.673,16.934,-4.653,1,low
36,2025,7,258.18,15.21,0,0,1,24,319.935,34.681,-1.7807,0,none
37,2025,7,262.21,12.69,0,0,1,24,299.783,40.757,-0.9219,0,none
38,2025,7,261.56,14.16,0,0,1,24,280.27,34.982,-0.5348,0,none
39,2025,7,267.33,12.03,0,0,1,24,260.457,13.023,0.5277,0,none
40,2025,7,256.6,14.27,0,0,1,24,262.32,13.116,-0.4361,0,none
41,2025,7,264.09,13.6,0,0,1,24,261.925,13.096,0.1653,0,none
42,2025,7,264.49,11.79,0,0,1,24,262.395,13.12,0.1597,0,none
43,2025,7,271.15,14.67,0,0,1,24,263.127,13.156,0.6098,0,none
44,2025,7,258.38,13.8,0,0,1,24,264.082,13.204,-0.4319,0,none
45,2025,7,261.98,11.57,0,0,1,24,264.527,13.226,-0.1926,0,none
46,2025,7,255.28,14.94,0,0,1,24,264.0,13.2,-0.6606,0,none
47,2025,7,265.14,11.51,0,0,1,24,261.697,13.085,0.2631,0,none
48,2025,7,363.39,1.43,0,1,1,24,260.195,13.01,7.9321,1,high
49,2025,7,359.75,1.67,0,1,1,24,286.447,44.565,1.6448,0,none
50,2025,7,355.09,-1.34,0,1,1,24,310.89,50.816,0.8698,0,none
51,2025,7,357.65,0.9,0,1,1,24,335.842,40.926,0.5329,0,none
52,2025,7,153.98,-1.4,0,1,1,0,358.97,17.948,-11.421,1,low
0,2025,8,285.51,0.6,0,1,1,24,285.51,0.0,0.0,0,none
1,2025,8,402.22,0.69,0,1,1,24,402.22,0.0,0.0,0,none
2,2025,8,394.18,-0.69,0,1,1,24,394.18,0.0,0.0,0,none
3,2025,8,385.79,0.31,0,1,1,24,385.79,0.0,0.0,0,none
4,2025,8,396.22,-0.41,0,1,1,24,366.925,47.363,0.6185,0,none
5,2025,8,387.61,-1.66,0,1,1,24,394.603,19.73,-0.3544,0,none
6,2025,8,390.96,2.1,0,1,1,24,390.95,19.548,0.0005,0,none
7,2025,8,397.95,-2.94,0,1,1,24,390.145,19.507,0.4001,0,none
8,2025,8,352.89,5.66,0,1,1,24,393.185,19.659,-2.0497,1,low
9,2025,8,278.52,15.76,0,0,1,24,382.353,19.118,-5.4312,1,low
10,2025,8,280.31,14.53,0,0,1,24,355.08,47.412,-1.577,0,none
11,2025,8,274.37,15.01,0,0,1,24,327.418,50.581,-1.0488,0,none
12,2025,8,273.57,15.56,0,0,1,24,296.523,32.615,-0.7037,0,none
13,2025,8,280.43,15.67,0,0,1,24,276.692,13.835,0.2702,0,none
14,2025,8,275.82,14.16,0,0,1,24,277.17,13.859,-0.0974,0,none
15,2025,8,275.62,14.07,0,0,1,24,276.048,13.802,-0.031,0,none
16,2025,8,276.15,13.27,0,0,1,24,276.36,13.818,-0.0152,0,none
17,2025,8,262.16,16.17,0,0,1,24,277.005,13.85,-1.0718,0,none
18,2025,8,276.11,14.64,0,0,1,24,272.438,13.622,0.2696,0,none
19,2025,8,278.02,14.07,0,0,1,24,272.51,13.626,0.4044,0,none
20,2025,8,278.02,12.61,0,0,1,24,273.11,13.655,0.3596,0,none
21,2025,8,291.48,16.9,1,0,1,24,273.577,13.679,1.3088,0,none
22,2025,8,362.14,30.54,1,0,1,24,280.907,14.045,5.7836,1,high
23,2025,8,366.78,31.33,1,0,1,24,302.415,34.917,1.8434,0,none
24,2025,8,375.45,29.73,1,0,1,24,324.605,40.172,1.2657,0,none
25,2025,8,362.96,29.07,1,0,1,24,348.962,33.53,0.4175,0,none
26,2025,8,373.17,27.64,1,0,1,24,366.832,18.342,0.3455,0,none
27,2025,8,364.97,29.13,1,0,1,24,369.59,18.479,-0.25,0,none
28,2025,8,360.9,30.89,1,0,1,24,369.138,18.457,-0.4463,0,none
29,2025,8,356.35,30.1,1,0,1,24,365.5,18.275,-0.5007,0,none
30,2025,8,354.0,29.57,1,0,1,24,363.848,18.192,-0.5413,0,none
31,2025,8,375.84,31.04,1,0,1,24,359.055,17.953,0.935,0,none
32,2025,8,365.89,29.29,1,0,1,24,361.772,18.089,0.2276,0,none
33,2025,8,365.84,30.97,1,0,1,24,363.02,18.151,0.1554,0,none
34,2025,8,367.56,30.3,1,0,1,24,365.392,18.27,0.1186,0,none
35,2025,8,286.71,13.64,0,0,1,24,368.783,18.439,-4.451,1,low
36,2025,8,286.15,15.21,0,0,1,24,346.5,34.527,-1.7479,0,none
37,2025,8,282.67,12.69,0,0,1,24,326.565,40.14,-1.0935,0,none
38,2025,8,279.37,14.16,0,0,1,24,305.773,35.707,-0.7394,0,none
39,2025,8,281.48,12.03,0,0,1,24,283.725,14.186,-0.1583,0,none
40,2025,8,278.51,14.27,0,0,1,24,282.418,14.121,-0.2767,0,none
41,2025,8,279.43,13.6,0,0,1,24,280.507,14.025,-0.0768,0,none
42,2025,8,290.77,11.79,0,0,1,24,279.697,13.985,0.7917,0,none
43,2025,8,287.8,14.67,0,0,1,24,282.548,14.127,0.3718,0,none
44,2025,8,287.89,13.8,0,0,1,24,284.128,14.206,0.2648,0,none
45,2025,8,292.16,11.57,0,0,1,24,286.473,14.324,0.3971,0,none
46,2025,8,283.5,14.94,0,0,1,24,289.655,14.483,-0.425,0,none
47,2025,8,279.8,11.51,0,0,1,24,287.837,14.392,-0.5585,0,none
48,2025,8,399.79,1.43,0,1,1,24,285.837,14.292,7.9732,1,high
49,2025,8,398.19,1.67,0,1,1,24,313.812,49.841,1.6929,0,none
50,2025,8,400.13,-1.34,0,1,1,24,340.32,58.687,1.0191,0,none
51,2025,8,387.33,0.9,0,1,1,24,369.478,51.781,0.3448,0,none
52,2025,8,176.93,-1.4,0,1,1,0,396.36,19.818,-11.0723,1,low
0,2025,9,308.46,0.6,0,1,1,24,308.46,0.0,0.0,0,none
1,2025,9,430.62,0.69,0,1,1,24,430.62,0.0,0.0,0,none
2,2025,9,412.87,-0.69,0,1,1,24,412.87,0.0,0.0,0,none
3,2025,9,421.59,0.31,0,1,1,24,421.59,0.0,0.0,0,none
4,2025,9,423.37,-0.41,0,1,1,24,393.385,49.431,0.6066,0,none
5,2025,9,411.55,-1.66,0,1,1,24,422.113,21.106,-0.5005,0,none
6,2025,9,424.02,2.1,0,1,1,24,417.345,20.867,0.3199,0,none
7,2025,9,438.37,-2.94,0,1,1,24,420.132,21.007,0.8682,0,none
8,2025,9,385.03,5.66,0,1,1,24,424.328,21.216,-1.8522,0,none
9,2025,9,293.7,15.76,0,0,1,24,414.743,20.737,-5.837,1,low
10,2025,9,301.53,14.53,0,0,1,24,385.28,56.361,-1.486,0,none
11,2025,9,306.86,15.01,0,0,1,24,354.658,60.143,-0.7947,0,none
12,2025,9,298.99,15.56,0,0,1,24,321.78,36.816,-0.619,0,none
13,2025,9,303.53,15.67,0,0,1,24,300.27,15.014,0.2171,0,none
14,2025,9,300.45,14.16,0,0,1,24,302.728,15.136,-0.1505,0,none
15,2025,9,295.68,14.07,0,0,1,24,302.457,15.123,-0.4482,0,none
16,2025,9,297.59,13.27,0,0,1,24,299.663,14.983,-0.1383,0,none
17,2025,9,295.31,16.17,0,0,1,24,299.312,14.966,-0.2674,0,none
18,2025,9,293.85,14.64,0,0,1,24,297.257,14.863,-0.2293,0,none
19,2025,9,300.9,14.07,0,0,1,24,295.607,14.78,0.3581,0,none
20,2025,9,287.17,12.61,0,0,1,24,296.912,14.846,-0.6563,0,none
21,2025,9,314.2,16.9,1,0,1,24,294.307,14.715,1.3518,0,none
22,2025,9,395.89,30.54,1,0,1,24,299.03,14.951,6.4783,1,high
23,2025,9,396.58,31.33,1,0,1,24,324.54,42.288,1.7036,0,none
24,2025,9,401.88,29.73,1,0,1,24,348.46,48.722,1.0964,0,none
25,2025,9,392.16,29.07,1,0,1,24,377.137,36.411,0.4126,0,none
26,2025,9,394.67,27.64,1,0,1,24,396.628,19.831,-0.0987,0,none
27,2025,9,395.05,29.13,1,0,1,24,396.323,19.816,-0.0642,0,none
28,2025,9,397.99,30.89,1,0,1,24,395.94,19.797,0.1036,0,none
29,2025,9,396.9,30.1,1,0,1,24,394.968,19.748,0.0979,0,none
30,2025,9,404.82,29.57,1,0,1,24,396.153,19.808,0.4376,0,none
31,2025,9,393.06,31.04,1,0,1,24,398.69,19.935,-0.2824,0,none
32,2025,9,382.35,29.29,1,0,1,24,398.193,19.91,-0.7957,0,none
33,2025,9,395.97,30.97,1,0,1,24,394.283,19.714,0.0856,0,none
34,2025,9,393.63,30.3,1,0,1,24,394.05,19.703,-0.0213,0,none
35,2025,9,309.84,13.64,0,0,1,24,391.252,19.563,-4.1616,1,low
36,2025,9,308.15,15.21,0,0,1,24,370.447,35.369,-1.7614,0,none
37,2025,9,317.34,12.69,0,0,1,24,351.897,42.915,-0.8053,0,none
38,2025,9,311.55,14.16,0,0,1,24,332.24,35.612,-0.581,0,none
39,2025,9,316.07,12.03,0,0,1,24,311.72,15.586,0.2791,0,none
40,2025,9,305.31,14.27,0,0,1,24,313.278,15.664,-0.5087,0,none
41,2025,9,302.55,13.6,0,0,1,24,312.568,15.628,-0.641,0,none
42,2025,9,303.51,11.79,0,0,1,24,308.87,15.444,-0.3471,0,none
43,2025,9,315.4,14.67,0,0,1,24,306.86,15.343,0.5566,0,none
44,2025,9,307.17,13.8,0,0,1,24,306.692,15.335,0.0311,0,none
45,2025,9,312.39,11.57,0,0,1,24,307.158,15.358,0.3407,0,none
46,2025,9,303.05,14.94,0,0,1,24,309.618,15.481,-0.4242,0,none
47,2025,9,309.51,11.51,0,0,1,24,309.503,15.475,0.0005,0,none
48,2025,9,436.14,1.43,0,1,1,24,308.03,15.402,8.318,1,high
49,2025,9,424.16,1.67,0,1,1,24,340.273,55.452,1.5128,0,none
50,2025,9,420.95,-1.34,0,1,1,24,368.215,62.122,0.8489,0,none
51,2025,9,411.85,0.9,0,1,1,24,397.69,51.225,0.2764,0,none
52,2025,9,186.54,-1.4,0,1,1,0,423.275,21.164,-11.1859,1,low
0,2025,14,390.94,0.6,0,1,1,24,390.94,0.0,0.0,0,none
1,2025,14,527.28,0.69,0,1,1,24,527.28,0.0,0.0,0,none
2,2025,14,525.8,-0.69,0,1,1,24,525.8,0.0,0.0,0,none
3,2025,14,518.63,0.31,0,1,1,24,518.63,0.0,0.0,0,none
4,2025,14,518.11,-0.41,0,1,1,24,490.663,57.668,0.476,0,none
5,2025,14,529.62,-1.66,0,1,1,24,522.455,26.123,0.2743,0,none
6,2025,14,527.15,2.1,0,1,1,24,523.04,26.152,0.1572,0,none
7,2025,14,524.57,-2.94,0,1,1,24,523.378,26.169,0.0456,0,none
8,2025,14,479.6,5.66,0,1,1,24,524.863,26.243,-1.7247,0,none
9,2025,14,350.42,15.76,0,0,1,24,515.235,25.762,-6.3977,1,low
10,2025,14,356.27,14.53,0,0,1,24,470.435,71.824,-1.5895,0,none
11,2025,14,367.13,15.01,0,0,1,24,427.715,76.079,-0.7963,0,none
12,2025,14,364.9,15.56,0,0,1,24,388.355,53.02,-0.4424,0,none
13,2025,14,355.9,15.67,0,0,1,24,359.68,17.984,-0.2102,0,none
14,2025,14,348.19,14.16,0,0,1,24,361.05,18.053,-0.7124,0,none
15,2025,14,349.0,14.07,0,0,1,24,359.03,17.951,-0.5587,0,none
16,2025,14,345.68,13.27,0,0,1,24,354.497,17.725,-0.4975,0,none
17,2025,14,360.22,16.17,0,0,1,24,349.692,17.485,0.6021,0,none
18,2025,14,348.11,14.64,0,0,1,24,350.772,17.539,-0.1518,0,none
19,2025,14,367.38,14.07,0,0,1,24,350.752,17.538,0.9481,0,none
20,2025,14,360.32,12.61,0,0,1,24,355.347,17.767,0.2799,0,none
21,2025,14,370.29,16.9,1,0,1,24,359.008,17.95,0.6285,0,none
22,2025,14,495.53,30.54,1,0,1,24,361.525,18.076,7.4133,1,high
23,2025,14,492.47,31.33,1,0,1,24,398.38,56.207,1.674,0,none
24,2025,14,489.33,29.73,1,0,1,24,429.653,64.453,0.9259,0,none
25,2025,14,476.02,29.07,1,0,1,24,461.905,52.939,0.2666,0,none
26,2025,14,482.49,27.64,1,0,1,24,488.337,24.417,-0.2395,0,none
27,2025,14,477.33,29.13,1,0,1,24,485.077,24.254,-0.3194,0,none
28,2025,14,512.24,30.89,1,0,1,24,481.292,24.065,1.286,0,none
29,2025,14,485.97,30.1,1,0,1,24,487.02,24.351,-0.0431,0,none
30,2025,14,490.97,29.57,1,0,1,24,489.508,24.475,0.0598,0,none
31,2025,14,494.51,31.04,1,0,1,24,491.628,24.581,0.1173,0,none
32,2025,14,490.08,29.29,1,0,1,24,495.923,24.796,-0.2356,0,none
33,2025,14,473.1,30.97,1,0,1,24,490.382,24.519,-0.7049,0,none
34,2025,14,497.57,30.3,1,0,1,24,487.165,24.358,0.4272,0,none
35,2025,14,369.41,13.64,0,0,1,24,488.815,24.441,-4.8855,1,low
36,2025,14,369.8,15.21,0,0,1,24,457.54,51.648,-1.6988,0,none
37,2025,14,368.61,12.69,0,0,1,24,427.47,58.508,-1.006,0,none
38,2025,14,369.06,14.16,0,0,1,24,401.348,55.556,-0.5812,0,none
39,2025,14,370.97,12.03,0,0,1,24,369.22,18.461,0.0948,0,none
40,2025,14,367.96,14.27,0,0,1,24,369.61,18.481,-0.0893,0,none
41,2025,14,364.8,13.6,0,0,1,24,369.15,18.458,-0.2357,0,none
42,2025,14,367.22,11.79,0,0,1,24,368.197,18.41,-0.0531,0,none
43,2025,14,363.92,14.67,0,0,1,24,367.738,18.387,-0.2076,0,none
44,2025,14,368.16,13.8,0,0,1,24,365.975,18.299,0.1194,0,none
45,2025,14,377.78,11.57,0,0,1,24,366.025,18.301,0.6423,0,none
46,2025,14,375.27,14.94,0,0,1,24,369.27,18.464,0.325,0,none
47,2025,14,377.36,11.51,0,0,1,24,371.283,18.564,0.3274,0,none
48,2025,14,538.19,1.43,0,1,1,24,374.643,18.732,8.7309,1,high
49,2025,14,526.54,1.67,0,1,1,24,417.15,69.889,1.5652,0,none
50,2025,14,551.02,-1.34,0,1,1,24,454.34,78.137,1.2373,0,none
51,2025,14,540.45,0.9,0,1,1,24,498.277,70.347,0.5995,0,none
52,2025,14,221.46,-1.4,0,1,1,0,539.05,26.953,-11.7833,1,low
0,2025,15,431.41,0.6,0,1,1,24,431.41,0.0,0.0,0,none
1,2025,15,596.1,0.69,0,1,1,24,596.1,0.0,0.0,0,none
2,2025,15,604.51,-0.69,0,1,1,24,604.51,0.0,0.0,0,none
3,2025,15,602.5,0.31,0,1,1,24,602.5,0.0,0.0,0,none
4,2025,15,602.95,-0.41,0,1,1,24,558.63,73.516,0.6029,0,none
5,2025,15,599.82,-1.66,0,1,1,24,601.515,30.076,-0.0564,0,none
6,2025,15,607.9,2.1,0,1,1,24,602.445,30.122,0.1811,0,none
7,2025,15,592.91,-2.94,0,1,1,24,603.293,30.165,-0.3442,0,none
8,2025,15,542.62,5.66,0,1,1,24,600.895,30.045,-1.9396,0,none
9,2025,15,420.45,15.76,0,0,1,24,585.812,29.291,-5.6456,1,low
10,2025,15,412.24,14.53,0,0,1,24,540.97,73.663,-1.7475,0,none
11,2025,15,428.52,15.01,0,0,1,24,492.055,77.824,-0.8164,0,none
12,2025,15,413.85,15.56,0,0,1,24,450.957,53.233,-0.6971,0,none
13,2025,15,423.46,15.67,0,0,1,24,418.765,20.938,0.2242,0,none
14,2025,15,421.63,14.16,0,0,1,24,419.517,20.976,0.1007,0,none
15,2025,15,418.71,14.07,0,0,1,24,421.865,21.093,-0.1496,0,none
16,2025,15,425.17,13.27,0,0,1,24,419.412,20.971,0.2746,0,none
17,2025,15,416.94,16.17,0,0,1,24,422.242,21.112,-0.2512,0,none
18,2025,15,428.05,14.64,0,0,1,24,420.612,21.031,0.3537,0,none
19,2025,15,414.06,14.07,0,0,1,24,422.217,21.111,-0.3864,0,none
20,2025,15,421.35,12.61,0,0,1,24,421.055,21.053,0.014,0,none
21,2025,15,451.35,16.9,1,0,1,24,420.1,21.005,1.4877,0,none
22,2025,15,559.42,30.54,1,0,1,24,428.702,21.435,6.0983,1,high
23,2025,15,549.23,31.33,1,0,1,24,461.545,58.211,1.5063,0,none
24,2025,15,572.36,29.73,1,0,1,24,495.337,60.042,1.2828,0,none
25,2025,15,545.13,29.07,1,0,1,24,533.09,47.899,0.2514,0,none
26,2025,15,558.0,27.64,1,0,1,24,556.535,27.827,0.0526,0,none
27,2025,15,546.23,29.13,1,0,1,24,556.18,27.809,-0.3578,0,none
28,2025,15,559.74,30.89,1,0,1,24,555.43,27.771,0.1552,0,none
29,2025,15,566.4,30.1,1,0,1,24,552.275,27.614,0.5115,0,none
30,2025,15,567.71,29.57,1,0,1,24,557.592,27.88,0.3629,0,none
31,2025,15,557.01,31.04,1,0,1,24,560.02,28.001,-0.1075,0,none
32,2025,15,552.62,29.29,1,0,1,24,562.715,28.136,-0.3588,0,none
33,2025,15,557.34,30.97,1,0,1,24,560.935,28.047,-0.1282,0,none
34,2025,15,558.58,30.3,1,0,1,24,558.67,27.934,-0.0032,0,none
35,2025,15,429.59,13.64,0,0,1,24,556.388,27.819,-4.5579,1,low
36,2025,15,436.25,15.21,0,0,1,24,524.533,54.86,-1.6092,0,none
37,2025,15,442.24,12.69,0,0,1,24,495.44,62.566,-0.8503,0,none
38,2025,15,438.35,14.16,0,0,1,24,466.665,53.255,-0.5317,0,none
39,2025,15,440.68,12.03,0,0,1,24,436.607,21.83,0.1866,0,none
40,2025,15,445.03,14.27,0,0,1,24,439.38,21.969,0.2572,0,none
41,2025,15,432.82,13.6,0,0,1,24,441.575,22.079,-0.3965,0,none
42,2025,15,431.77,11.79,0,0,1,24,439.22,21.961,-0.3392,0,none
43,2025,15,435.36,14.67,0,0,1,24,437.575,21.879,-0.1012,0,none
44,2025,15,430.16,13.8,0,0,1,24,436.245,21.812,-0.279,0,none
45,2025,15,438.67,11.57,0,0,1,24,432.528,21.626,0.284,0,none
46,2025,15,435.25,14.94,0,0,1,24,433.99,21.7,0.0581,0,none
47,2025,15,437.32,11.51,0,0,1,24,434.86,21.743,0.1131,0,none
48,2025,15,595.07,1.43,0,1,1,24,435.35,21.768,7.3375,1,high
49,2025,15,600.94,1.67,0,1,1,24,476.578,68.423,1.8176,0,none
50,2025,15,603.65,-1.34,0,1,1,24,517.145,80.89,1.0694,0,none
51,2025,15,590.63,0.9,0,1,1,24,559.245,70.462,0.4454,0,none
52,2025,15,261.07,-1.4,0,1,1,0,597.572,29.879,-11.2623,1,low
0,2025,16,415.12,0.6,0,1,1,24,415.12,0.0,0.0,0,none
1,2025,16,574.83,0.69,0,1,1,24,574.83,0.0,0.0,0,none
2,2025,16,580.06,-0.69,0,1,1,24,580.06,0.0,0.0,0,none
3,2025,16,572.86,0.31,0,1,1,24,572.86,0.0,0.0,0,none
4,2025,16,581.7,-0.41,0,1,1,24,535.718,69.677,0.6599,0,none
5,2025,16,574.25,-1.66,0,1,1,24,577.363,28.868,-0.1078,0,none
6,2025,16,549.31,2.1,0,1,1,24,577.217,28.861,-0.967,0,none
7,2025,16,576.35,-2.94,0,1,1,24,569.53,28.477,0.2395,0,none
8,2025,16,512.66,5.66,0,1,1,24,570.402,28.52,-2.0246,1,low
9,2025,16,387.59,15.76,0,0,1,24,553.142,27.657,-5.9859,1,low
10,2025,16,367.18,14.53,0,0,1,24,506.477,72.266,-1.9276,0,none
11,2025,16,370.71,15.01,0,0,1,24,460.945,86.841,-1.0391,0,none
12,2025,16,380.54,15.56,0,0,1,24,409.535,60.037,-0.483,0,none
13,2025,16,383.65,15.67,0,0,1,24,376.505,18.825,0.3795,0,none
14,2025,16,380.91,14.16,0,0,1,24,375.52,18.776,0.2871,0,none
15,2025,16,385.07,14.07,0,0,1,24,378.952,18.948,0.3229,0,none
16,2025,16,378.2,13.27,0,0,1,24,382.542,19.127,-0.227,0,none
17,2025,16,375.21,16.17,0,0,1,24,381.957,19.098,-0.3533,0,none
18,2025,16,374.93,14.64,0,0,1,24,379.847,18.992,-0.2589,0,none
19,2025,16,385.31,14.07,0,0,1,24,378.353,18.918,0.3678,0,none
20,2025,16,385.41,12.61,0,0,1,24,378.413,18.921,0.3698,0,none
21,2025,16,395.09,16.9,1,0,1,24,380.215,19.011,0.7825,0,none
22,2025,16,525.65,30.54,1,0,1,24,385.185,19.259,7.2934,1,high
23,2025,16,533.55,31.33,1,0,1,24,422.865,59.476,1.861,0,none
24,2025,16,534.9,29.73,1,0,1,24,459.925,69.815,1.0739,0,none
25,2025,16,525.65,29.07,1,0,1,24,497.298,59.115,0.4796,0,none
26,2025,16,543.57,27.64,1,0,1,24,529.938,26.497,0.5145,0,none
27,2025,16,529.65,29.13,1,0,1,24,534.418,26.721,-0.1784,0,none
28,2025,16,542.36,30.89,1,0,1,24,533.442,26.672,0.3343,0,none
29,2025,16,514.26,30.1,1,0,1,24,535.308,26.765,-0.7864,0,none
30,2025,16,534.71,29.57,1,0,1,24,532.46,26.623,0.0845,0,none
31,2025,16,519.43,31.04,1,0,1,24,530.245,26.512,-0.4079,0,none
32,2025,16,540.24,29.29,1,0,1,24,527.69,26.384,0.4757,0,none
33,2025,16,527.43,30.97,1,0,1,24,527.16,26.358,0.0102,0,none
34,2025,16,542.52,30.3,1,0,1,24,530.452,26.523,0.455,0,none
35,2025,16,393.8,13.64,0,0,1,24,532.405,26.62,-5.2068,1,low
36,2025,16,397.44,15.21,0,0,1,24,500.997,62.157,-1.6661,0,none
37,2025,16,406.82,12.69,0,0,1,24,465.297,69.893,-0.8367,0,none
38,2025,16,396.26,14.16,0,0,1,24,435.145,62.175,-0.6254,0,none
39,2025,16,399.06,12.03,0,0,1,24,398.58,19.929,0.0241,0,none
40,2025,16,389.41,14.27,0,0,1,24,399.895,19.995,-0.5244,0,none
41,2025,16,393.75,13.6,0,0,1,24,397.888,19.894,-0.208,0,none
42,2025,16,399.91,11.79,0,0,1,24,394.62,19.731,0.2681,0,none
43,2025,16,393.16,14.67,0,0,1,24,395.533,19.777,-0.12,0,none
44,2025,16,395.52,13.8,0,0,1,24,394.058,19.703,0.0742,0,none
45,2025,16,396.14,11.57,0,0,1,24,395.585,19.779,0.0281,0,none
46,2025,16,407.38,14.94,0,0,1,24,396.183,19.809,0.5653,0,none
47,2025,16,405.88,11.51,0,0,1,24,398.05,19.903,0.3934,0,none
48,2025,16,577.82,1.43,0,1,1,24,401.23,20.062,8.8024,1,high
49,2025,16,580.99,1.67,0,1,1,24,446.805,75.765,1.7711,0,none
50,2025,16,554.19,-1.34,0,1,1,24,493.017,86.396,0.708,0,none
51,2025,16,585.25,0.9,0,1,1,24,529.72,72.245,0.7686,0,none
52,2025,16,238.93,-1.4,0,1,1,0,574.562,28.728,-11.6831,1,low
0,2025,18,494.35,0.6,0,1,1,24,494.35,0.0,0.0,0,none
1,2025,18,676.1,0.69,0,1,1,24,676.1,0.0,0.0,0,none
2,2025,18,664.92,-0.69,0,1,1,24,664.92,0.0,0.0,0,none
3,2025,18,681.02,0.31,0,1,1,24,681.02,0.0,0.0,0,none
4,2025,18,664.28,-0.41,0,1,1,24,629.098,78.015,0.451,0,none
5,2025,18,679.97,-1.66,0,1,1,24,671.58,33.579,0.2499,0,none
6,2025,18,680.05,2.1,0,1,1,24,672.548,33.627,0.2231,0,none
7,2025,18,682.64,-2.94,0,1,1,24,676.33,33.817,0.1866,0,none
8,2025,18,631.13,5.66,0,1,1,24,676.735,33.837,-1.3478,0,none
9,2025,18,478.86,15.76,0,0,1,24,668.448,33.422,-5.6725,1,low
10,2025,18,478.27,14.53,0,0,1,24,618.17,83.007,-1.6854,0,none
11,2025,18,491.13,15.01,0,0,1,24,567.725,91.001,-0.8417,0,none
12,2025,18,492.32,15.56,0,0,1,24,519.847,64.454,-0.4271,0,none
13,2025,18,468.53,15.67,0,0,1,24,485.145,24.257,-0.6849,0,none
14,2025,18,470.41,14.16,0,0,1,24,482.562,24.128,-0.5037,0,none
15,2025,18,470.52,14.07,0,0,1,24,480.597,24.03,-0.4194,0,none
16,2025,18,481.18,13.27,0,0,1,24,475.445,23.772,0.2412,0,none
17,2025,18,472.53,16.17,0,0,1,24,472.66,23.633,-0.0055,0,none
18,2025,18,481.33,14.64,0,0,1,24,473.66,23.683,0.3239,0,none
19,2025,18,469.51,14.07,0,0,1,24,476.39,23.82,-0.2888,0,none
20,2025,18,464.68,12.61,0,0,1,24,476.138,23.807,-0.4813,0,none
21,2025,18,495.82,16.9,1,0,1,24,472.013,23.601,1.0088,0,none
22,2025,18,623.11,30.54,1,0,1,24,477.835,23.892,6.0806,1,high
23,2025,18,639.16,31.33,1,0,1,24,513.28,64.508,1.9514,0,none
24,2025,18,626.9,29.73,1,0,1,24,555.693,76.452,0.9314,0,none
25,2025,18,641.68,29.07,1,0,1,24,596.248,58.285,0.7795,0,none
26,2025,18,639.92,27.64,1,0,1,24,632.713,31.636,0.2278,0,none
27,2025,18,621.24,29.13,1,0,1,24,636.915,31.846,-0.4922,0,none
28,2025,18,632.8,30.89,1,0,1,24,632.435,31.622,0.0115,0,none
29,2025,18,639.05,30.1,1,0,1,24,633.91,31.696,0.1622,0,none
30,2025,18,632.89,29.57,1,0,1,24,633.253,31.663,-0.0114,0,none
31,2025,18,650.9,31.04,1,0,1,24,631.495,31.575,0.6146,0,none
32,2025,18,625.53,29.29,1,0,1,24,638.91,31.946,-0.4188,0,none
33,2025,18,648.04,30.97,1,0,1,24,637.093,31.855,0.3437,0,none
34,2025,18,625.83,30.3,1,0,1,24,639.34,31.967,-0.4226,0,none
35,2025,18,494.44,13.64,0,0,1,24,637.575,31.879,-4.49,1,low
36,2025,18,495.57,15.21,0,0,1,24,598.46,60.746,-1.6938,0,none
37,2025,18,495.41,12.69,0,0,1,24,565.97,71.399,-0.9882,0,none
38,2025,18,483.66,14.16,0,0,1,24,527.813,56.592,-0.7802,0,none
39,2025,18,502.35,12.03,0,0,1,24,492.27,24.614,0.4095,0,none
40,2025,18,491.58,14.27,0,0,1,24,494.248,24.712,-0.1079,0,none
41,2025,18,494.1,13.6,0,0,1,24,493.25,24.663,0.0345,0,none
42,2025,18,478.71,11.79,0,0,1,24,492.923,24.646,-0.5767,0,none
43,2025,18,489.8,14.67,0,0,1,24,491.685,24.584,-0.0767,0,none
44,2025,18,498.3,13.8,0,0,1,24,488.548,24.427,0.3992,0,none
45,2025,18,494.97,11.57,0,0,1,24,490.228,24.511,0.1935,0,none
46,2025,18,489.36,14.94,0,0,1,24,490.445,24.522,-0.0442,0,none
47,2025,18,488.52,11.51,0,0,1,24,493.108,24.655,-0.1861,0,none
48,2025,18,675.14,1.43,0,1,1,24,492.788,24.639,7.4009,1,high
49,2025,18,676.46,1.67,0,1,1,24,536.997,79.795,1.7478,0,none
50,2025,18,662.89,-1.34,0,1,1,24,582.37,93.432,0.8618,0,none
51,2025,18,684.73,0.9,0,1,1,24,625.753,79.408,0.7427,0,none
52,2025,18,277.55,-1.4,0,1,1,0,674.805,33.74,-11.7739,1,low
0,2025,28,593.48,0.6,0,1,1,24,593.48,0.0,0.0,0,none
1,2025,28,856.5,0.69,0,1,1,24,856.5,0.0,0.0,0,none
2,2025,28,833.41,-0.69,0,1,1,24,833.41,0.0,0.0,0,none
3,2025,28,843.08,0.31,0,1,1,24,843.08,0.0,0.0,0,none
4,2025,28,831.61,-0.41,0,1,1,24,781.618,108.93,0.4589,0,none
5,2025,28,856.49,-1.66,0,1,1,24,841.15,42.058,0.3647,0,none
6,2025,28,824.04,2.1,0,1,1,24,841.147,42.057,-0.4068,0,none
7,2025,28,845.92,-2.94,0,1,1,24,838.805,41.94,0.1696,0,none
8,2025,28,747.63,5.66,0,1,1,24,839.515,41.976,-2.189,1,low
9,2025,28,565.02,15.76,0,0,1,24,818.52,42.569,-5.9551,1,low
10,2025,28,558.28,14.53,0,0,1,24,745.652,110.488,-1.6959,0,none
11,2025,28,542.35,15.01,0,0,1,24,679.212,122.614,-1.1162,0,none
12,2025,28,551.18,15.56,0,0,1,24,603.32,83.723,-0.6228,0,none
13,2025,28,578.4,15.67,0,0,1,24,554.207,27.71,0.873,0,none
14,2025,28,549.07,14.16,0,0,1,24,557.552,27.878,-0.3043,0,none
15,2025,28,550.36,14.07,0,0,1,24,555.25,27.762,-0.1761,0,none
16,2025,28,528.32,13.27,0,0,1,24,557.252,27.863,-1.0384,0,none
17,2025,28,556.77,16.17,0,0,1,24,551.537,27.577,0.1897,0,none
18,2025,28,565.44,14.64,0,0,1,24,546.13,27.306,0.7072,0,none
19,2025,28,573.53,14.07,0,0,1,24,550.222,27.511,0.8472,0,none
20,2025,28,570.05,12.61,0,0,1,24,556.015,27.801,0.5048,0,none
21,2025,28,583.42,16.9,1,0,1,24,566.447,28.322,0.5993,0,none
22,2025,28,773.94,30.54,1,0,1,24,573.11,28.655,7.0084,1,high
23,2025,28,771.75,31.33,1,0,1,24,625.235,85.995,1.7038,0,none
24,2025,28,786.07,29.73,1,0,1,24,674.79,98.172,1.1335,0,none
25,2025,28,756.75,29.07,1,0,1,24,728.795,84.109,0.3324,0,none
26,2025,28,772.55,27.64,1,0,1,24,772.128,38.606,0.0109,0,none
27,2025,28,773.13,29.13,1,0,1,24,771.78,38.589,0.035,0,none
28,2025,28,760.58,30.89,1,0,1,24,772.125,38.606,-0.299,0,none
29,2025,28,789.02,30.1,1,0,1,24,765.753,38.288,0.6077,0,none
30,2025,28,763.81,29.57,1,0,1,24,773.82,38.691,-0.2587,0,none
31,2025,28,774.39,31.04,1,0,1,24,771.635,38.582,0.0714,0,none
32,2025,28,740.72,29.29,1,0,1,24,771.95,38.597,-0.8091,0,none
33,2025,28,741.6,30.97,1,0,1,24,766.985,38.349,-0.6619,0,none
34,2025,28,761.28,30.3,1,0,1,24,755.13,37.757,0.1629,0,none
35,2025,28,601.99,13.64,0,0,1,24,754.498,37.725,-4.0426,1,low
36,2025,28,572.37,15.21,0,0,1,24,711.398,63.699,-2.1826,1,low
37,2025,28,580.25,12.69,0,0,1,24,669.31,83.087,-1.0719,0,none
38,2025,28,583.33,14.16,0,0,1,24,628.972,77.154,-0.5916,0,none
39,2025,28,587.45,12.03,0,0,1,24,584.485,29.224,0.1015,0,none
40,2025,28,582.06,14.27,0,0,1,24,580.85,29.043,0.0417,0,none
41,2025,28,587.27,13.6,0,0,1,24,583.273,29.164,0.1371,0,none
42,2025,28,562.87,11.79,0,0,1,24,585.028,29.251,-0.7575,0,none
43,2025,28,581.56,14.67,0,0,1,24,579.913,28.996,0.0568,0,none
44,2025,28,572.3,13.8,0,0,1,24,578.44,28.922,-0.2123,0,none
45,2025,28,573.07,11.57,0,0,1,24,576.0,28.8,-0.1017,0,none
46,2025,28,571.05,14.94,0,0,1,24,572.45,28.622,-0.0489,0,none
47,2025,28,575.76,11.51,0,0,1,24,574.495,28.725,0.044,0,none
48,2025,28,842.57,1.43,0,1,1,24,573.045,28.652,9.4068,1,high
49,2025,28,850.02,1.67,0,1,1,24,640.612,116.612,1.7958,0,none
50,2025,28,871.33,-1.34,0,1,1,24,709.85,136.481,1.1832,0,none
51,2025,28,806.75,0.9,0,1,1,24,784.92,121.219,0.1801,0,none
52,2025,28,362.56,-1.4,0,1,1,0,842.667,42.133,-11.3949,1,low
0,2025,35,728.39,0.6,0,1,1,24,728.39,0.0,0.0,0,none
1,2025,35,999.99,0.69,0,1,1,24,999.99,0.0,0.0,0,none
2,2025,35,985.77,-0.69,0,1,1,24,985.77,0.0,0.0,0,none
3,2025,35,1002.47,0.31,0,1,1,24,1002.47,0.0,0.0,0,none
4,2025,35,961.91,-0.41,0,1,1,24,929.155,116.087,0.2822,0,none
5,2025,35,1000.5,-1.66,0,1,1,24,987.535,49.377,0.2626,0,none
6,2025,35,978.66,2.1,0,1,1,24,987.663,49.383,-0.1823,0,none
7,2025,35,1030.29,-2.94,0,1,1,24,985.885,49.294,0.9008,0,none
8,2025,35,895.65,5.66,0,1,1,24,992.84,49.642,-1.9578,0,none
9,2025,35,666.77,15.76,0,0,1,24,976.275,50.026,-6.1868,1,low
10,2025,35,660.86,14.53,0,0,1,24,892.843,139.08,-1.668,0,none
11,2025,35,677.52,15.01,0,0,1,24,813.393,156.983,-0.8655,0,none
12,2025,35,654.35,15.56,0,0,1,24,725.2,98.59,-0.7186,0,none
13,2025,35,670.42,15.67,0,0,1,24,664.875,33.244,0.1668,0,none
14,2025,35,677.83,14.16,0,0,1,24,665.788,33.289,0.3618,0,none
15,2025,35,665.75,14.07,0,0,1,24,670.03,33.502,-0.1278,0,none
16,2025,35,662.23,13.27,0,0,1,24,667.088,33.354,-0.1456,0,none
17,2025,35,664.24,16.17,0,0,1,24,669.058,33.453,-0.144,0,none
18,2025,35,659.7,14.64,0,0,1,24,667.513,33.376,-0.2341,0,none
19,2025,35,670.24,14.07,0,0,1,24,662.98,33.149,0.219,0,none
20,2025,35,662.02,12.61,0,0,1,24,664.103,33.205,-0.0627,0,none
21,2025,35,687.4,16.9,1,0,1,24,664.05,33.203,0.7033,0,none
22,2025,35,887.48,30.54,1,0,1,24,669.84,33.492,6.4983,1,high
23,2025,35,898.14,31.33,1,0,1,24,726.785,93.228,1.838,0,none
24,2025,35,897.19,29.73,1,0,1,24,783.76,109.483,1.036,0,none
25,2025,35,949.96,29.07,1,0,1,24,842.553,89.674,1.1977,0,none
26,2025,35,875.24,27.64,1,0,1,24,908.193,45.41,-0.7257,0,none
27,2025,35,906.83,29.13,1,0,1,24,905.133,45.257,0.0375,0,none
28,2025,35,892.27,30.89,1,0,1,24,907.305,45.365,-0.3314,0,none
29,2025,35,881.17,30.1,1,0,1,24,906.075,45.304,-0.5497,0,none
30,2025,35,898.09,29.57,1,0,1,24,888.877,44.444,0.2073,0,none
31,2025,35,909.14,31.04,1,0,1,24,894.59,44.729,0.3253,0,none
32,2025,35,920.11,29.29,1,0,1,24,895.167,44.758,0.5573,0,none
33,2025,35,910.5,30.97,1,0,1,24,902.127,45.106,0.1856,0,none
34,2025,35,916.07,30.3,1,0,1,24,909.46,45.473,0.1454,0,none
35,2025,35,696.9,13.64,0,0,1,24,913.955,45.698,-4.7498,1,low
36,2025,35,682.9,15.21,0,0,1,24,860.895,94.744,-1.8787,0,none
37,2025,35,700.39,12.69,0,0,1,24,801.592,111.819,-0.9051,0,none
38,2025,35,703.37,14.16,0,0,1,24,749.065,96.642,-0.4728,0,none
39,2025,35,701.06,12.03,0,0,1,24,695.89,34.795,0.1486,0,none
40,2025,35,691.69,14.27,0,0,1,24,696.93,34.847,-0.1504,0,none
41,2025,35,696.04,13.6,0,0,1,24,699.128,34.956,-0.0883,0,none
42,2025,35,703.73,11.79,0,0,1,24,698.04,34.902,0.163,0,none
43,2025,35,710.5,14.67,0,0,1,24,698.13,34.907,0.3544,0,none
44,2025,35,700.67,13.8,0,0,1,24,700.49,35.025,0.0051,0,none
45,2025,35,676.26,11.57,0,0,1,24,702.735,35.137,-0.7535,0,none
46,2025,35,685.23,14.94,0,0,1,24,697.79,34.89,-0.36,0,none
47,2025,35,689.54,11.51,0,0,1,24,693.165,34.658,-0.1046,0,none
48,2025,35,991.79,1.43,0,1,1,24,687.925,34.396,8.8342,1,high
49,2025,35,1030.36,1.67,0,1,1,24,760.705,133.503,2.0198,1,high
50,2025,35,997.08,-1.34,0,1,1,24,849.23,162.426,0.9103,0,none
51,2025,35,995.6,0.9,0,1,1,24,927.192,138.003,0.4957,0,none
52,2025,35,420.81,-1.4,0,1,1,0,1003.708,50.185,-11.6149,1,low
0,2025,38,744.31,0.6,0,1,1,24,744.31,0.0,0.0,0,none
1,2025,38,1047.45,0.69,0,1,1,24,1047.45,0.0,0.0,0,none
2,2025,38,1028.6,-0.69,0,1,1,24,1028.6,0.0,0.0,0,none
3,2025,38,1043.62,0.31,0,1,1,24,1043.62,0.0,0.0,0,none
4,2025,38,1036.36,-0.41,0,1,1,24,965.995,128.184,0.5489,0,none
5,2025,38,1040.98,-1.66,0,1,1,24,1039.007,51.95,0.038,0,none
6,2025,38,1077.12,2.1,0,1,1,24,1037.39,51.869,0.766,0,none
7,2025,38,1042.13,-2.94,0,1,1,24,1049.52,52.476,-0.1408,0,none
8,2025,38,988.1,5.66,0,1,1,24,1049.147,52.457,-1.1638,0,none
9,2025,38,694.98,15.76,0,0,1,24,1037.082,51.854,-6.5974,1,low
10,2025,38,715.38,14.53,0,0,1,24,950.582,150.941,-1.5582,0,none
11,2025,38,684.04,15.01,0,0,1,24,860.148,156.307,-1.1267,0,none
12,2025,38,726.11,15.56,0,0,1,24,770.625,126.062,-0.3531,0,none
13,2025,38,703.16,15.67,0,0,1,24,705.128,35.256,-0.0558,0,none
14,2025,38,687.78,14.16,0,0,1,24,707.173,35.359,-0.5485,0,none
15,2025,38,705.67,14.07,0,0,1,24,700.273,35.014,0.1542,0,none
16,2025,38,668.36,13.27,0,0,1,24,705.68,35.284,-1.0577,0,none
17,2025,38,707.89,16.17,0,0,1,24,691.243,34.562,0.4817,0,none
18,2025,38,700.33,14.64,0,0,1,24,692.425,34.621,0.2283,0,none
19,2025,38,698.37,14.07,0,0,1,24,695.562,34.778,0.0807,0,none
20,2025,38,715.5,12.61,0,0,1,24,693.738,34.687,0.6274,0,none
21,2025,38,723.23,16.9,1,0,1,24,705.523,35.276,0.502,0,none
22,2025,38,973.17,30.54,1,0,1,24,709.358,35.468,7.4381,1,high
23,2025,38,974.14,31.33,1,0,1,24,777.567,113.289,1.7351,0,none
24,2025,38,924.96,29.73,1,0,1,24,846.51,127.175,0.6169,0,none
25,2025,38,962.85,29.07,1,0,1,24,898.875,103.339,0.6191,0,none
26,2025,38,937.8,27.64,1,0,1,24,958.78,47.939,-0.4376,0,none
27,2025,38,968.54,29.13,1,0,1,24,949.937,47.497,0.3917,0,none
28,2025,38,963.44,30.89,1,0,1,24,948.537,47.427,0.3142,0,none
29,2025,38,956.17,30.1,1,0,1,24,958.158,47.908,-0.0415,0,none
30,2025,38,985.37,29.57,1,0,1,24,956.488,47.824,0.6039,0,none
31,2025,38,971.54,31.04,1,0,1,24,968.38,48.419,0.0653,0,none
32,2025,38,970.12,29.29,1,0,1,24,969.13,48.457,0.0204,0,none
33,2025,38,1003.19,30.97,1,0,1,24,970.8,48.54,0.6673,0,none
34,2025,38,958.54,30.3,1,0,1,24,982.555,49.128,-0.4888,0,none
35,2025,38,723.16,13.64,0,0,1,24,975.848,48.792,-5.1788,1,low
36,2025,38,730.53,15.21,0,0,1,24,913.753,111.252,-1.6469,0,none
37,2025,38,749.79,12.69,0,0,1,24,853.855,128.014,-0.8129,0,none
38,2025,38,731.49,14.16,0,0,1,24,790.505,97.501,-0.6053,0,none
39,2025,38,717.29,12.03,0,0,1,24,733.743,36.687,-0.4485,0,none
40,2025,38,737.13,14.27,0,0,1,24,732.275,36.614,0.1326,0,none
41,2025,38,763.52,13.6,0,0,1,24,733.925,36.696,0.8065,0,none
42,2025,38,733.44,11.79,0,0,1,24,737.358,36.868,-0.1063,0,none
43,2025,38,740.41,14.67,0,0,1,24,737.845,36.892,0.0695,0,none
44,2025,38,730.12,13.8,0,0,1,24,743.625,37.181,-0.3632,0,none
45,2025,38,726.28,11.57,0,0,1,24,741.873,37.094,-0.4204,0,none
46,2025,38,738.89,14.94,0,0,1,24,732.562,36.628,0.1727,0,none
47,2025,38,716.8,11.51,0,0,1,24,733.925,36.696,-0.4667,0,none
48,2025,38,1076.06,1.43,0,1,1,24,728.022,36.401,9.5612,1,high
49,2025,38,1059.41,1.67,0,1,1,24,814.507,151.211,1.6196,0,none
50,2025,38,1097.71,-1.34,0,1,1,24,897.79,170.226,1.1744,0,none
51,2025,38,1070.9,0.9,0,1,1,24,987.495,156.875,0.5317,0,none
52,2025,38,466.11,-1.4,0,1,1,0,1076.02,53.801,-11.3364,1,low
0,2025,41,763.25,0.6,0,1,1,24,763.25,0.0,0.0,0,none
1,2025,41,1090.69,0.69,0,1,1,24,1090.69,0.0,0.0,0,none
2,2025,41,1094.76,-0.69,0,1,1,24,1094.76,0.0,0.0,0,none
3,2025,41,1076.87,0.31,0,1,1,24,1076.87,0.0,0.0,0,none
4,2025,41,1105.29,-0.41,0,1,1,24,1006.392,140.535,0.7037,0,none
5,2025,41,1047.46,-1.66,0,1,1,24,1091.902,54.595,-0.814,0,none
6,2025,41,1126.63,2.1,0,1,1,24,1081.095,54.055,0.8424,0,none
7,2025,41,1101.76,-2.94,0,1,1,24,1089.062,54.453,0.2332,0,none
8,2025,41,981.13,5.66,0,1,1,24,1095.285,54.764,-2.0845,1,low
9,2025,41,712.3,15.76,0,0,1,24,1064.245,55.877,-6.2985,1,low
10,2025,41,718.28,14.53,0,0,1,24,980.455,164.309,-1.5956,0,none
11,2025,41,720.74,15.01,0,0,1,24,878.367,168.575,-0.9351,0,none
12,2025,41,717.34,15.56,0,0,1,24,783.112,114.367,-0.5751,0,none
13,2025,41,732.09,15.67,0,0,1,24,717.165,35.858,0.4162,0,none
14,2025,41,722.72,14.16,0,0,1,24,722.112,36.106,0.0168,0,none
15,2025,41,720.27,14.07,0,0,1,24,723.222,36.161,-0.0816,0,none
16,2025,41,714.88,13.27,0,0,1,24,723.105,36.155,-0.2275,0,none
17,2025,41,716.6,16.17,0,0,1,24,722.49,36.124,-0.163,0,none
18,2025,41,708.21,14.64,0,0,1,24,718.617,35.931,-0.2897,0,none
19,2025,41,731.87,14.07,0,0,1,24,714.99,35.75,0.4722,0,none
20,2025,41,710.96,12.61,0,0,1,24,717.89,35.894,-0.1931,0,none
21,2025,41,753.24,16.9,1,0,1,24,716.91,35.845,1.0135,0,none
22,2025,41,1022.79,30.54,1,0,1,24,726.07,36.303,8.1733,1,high
23,2025,41,989.68,31.33,1,0,1,24,804.715,126.79,1.4588,0,none
24,2025,41,972.31,29.73,1,0,1,24,869.168,138.376,0.7454,0,none
25,2025,41,1006.11,29.07,1,0,1,24,934.505,106.213,0.6742,0,none
26,2025,41,988.93,27.64,1,0,1,24,997.723,49.886,-0.1763,0,none
27,2025,41,1024.56,29.13,1,0,1,24,989.258,49.463,0.7137,0,none
28,2025,41,1005.45,30.89,1,0,1,24,997.978,49.899,0.1498,0,none
29,2025,41,990.4,30.1,1,0,1,24,1006.263,50.313,-0.3153,0,none
30,2025,41,1006.77,29.57,1,0,1,24,1002.335,50.117,0.0885,0,none
31,2025,41,1018.03,31.04,1,0,1,24,1006.795,50.34,0.2232,0,none
32,2025,41,1020.29,29.29,1,0,1,24,1005.162,50.258,0.301,0,none
33,2025,41,997.82,30.97,1,0,1,24,1008.872,50.444,-0.2191,0,none
34,2025,41,1015.14,30.3,1,0,1,24,1010.727,50.536,0.0873,0,none
35,2025,41,749.3,13.64,0,0,1,24,1012.82,50.641,-5.2037,1,low
36,2025,41,756.15,15.21,0,0,1,24,945.638,113.661,-1.6671,0,none
37,2025,41,758.63,12.69,0,0,1,24,879.603,127.048,-0.9522,0,none
38,2025,41,744.29,14.16,0,0,1,24,819.805,112.828,-0.6693,0,none
39,2025,41,753.18,12.03,0,0,1,24,752.093,37.605,0.0289,0,none
40,2025,41,762.26,14.27,0,0,1,24,753.062,37.653,0.2443,0,none
41,2025,41,751.48,13.6,0,0,1,24,754.59,37.73,-0.0824,0,none
42,2025,41,756.76,11.79,0,0,1,24,752.803,37.64,0.1051,0,none
43,2025,41,758.99,14.67,0,0,1,24,755.92,37.796,0.0812,0,none
44,2025,41,752.01,13.8,0,0,1,24,757.372,37.869,-0.1416,0,none
45,2025,41,750.55,11.57,0,0,1,24,754.81,37.74,-0.1129,0,none
46,2025,41,736.78,14.94,0,0,1,24,754.578,37.729,-0.4717,0,none
47,2025,41,754.32,11.51,0,0,1,24,749.583,37.479,0.1264,0,none
48,2025,41,1099.69,1.43,0,1,1,24,748.415,37.421,9.3872,1,high
49,2025,41,1092.08,1.67,0,1,1,24,835.335,152.765,1.6807,0,none
50,2025,41,1096.62,-1.34,0,1,1,24,920.718,175.298,1.0034,0,none
51,2025,41,1063.77,0.9,0,1,1,24,1010.678,148.033,0.3587,0,none
52,2025,41,487.57,-1.4,0,1,1,0,1088.04,54.402,-11.0376,1,low
0,2025,44,823.17,0.6,0,1,1,24,823.17,0.0,0.0,0,none
1,2025,44,1153.77,0.69,0,1,1,24,1153.77,0.0,0.0,0,none
2,2025,44,1182.48,-0.69,0,1,1,24,1182.48,0.0,0.0,0,none
3,2025,44,1172.81,0.31,0,1,1,24,1172.81,0.0,0.0,0,none
4,2025,44,1182.34,-0.41,0,1,1,24,1083.057,150.401,0.6601,0,none
5,2025,44,1150.37,-1.66,0,1,1,24,1172.85,58.642,-0.3833,0,none
6,2025,44,1170.46,2.1,0,1,1,24,1172.0,58.6,-0.0263,0,none
7,2025,44,1141.7,-2.94,0,1,1,24,1168.995,58.45,-0.467,0,none
8,2025,44,1036.11,5.66,0,1,1,24,1161.217,58.061,-2.1548,1,low
9,2025,44,781.61,15.76,0,0,1,24,1124.66,56.233,-6.1005,1,low
10,2025,44,793.94,14.53,0,0,1,24,1032.47,153.229,-1.5567,0,none
11,2025,44,768.02,15.01,0,0,1,24,938.34,155.185,-1.0975,0,none
12,2025,44,755.81,15.56,0,0,1,24,844.92,110.764,-0.8045,0,none
13,2025,44,775.77,15.67,0,0,1,24,774.845,38.742,0.0239,0,none
14,2025,44,761.7,14.16,0,0,1,24,773.385,38.669,-0.3022,0,none
15,2025,44,764.39,14.07,0,0,1,24,765.325,38.266,-0.0244,0,none
16,2025,44,774.91,13.27,0,0,1,24,764.418,38.221,0.2745,0,none
17,2025,44,775.58,16.17,0,0,1,24,769.193,38.46,0.1661,0,none
18,2025,44,761.72,14.64,0,0,1,24,769.145,38.457,-0.1931,0,none
19,2025,44,785.15,14.07,0,0,1,24,769.15,38.458,0.416,0,none
20,2025,44,766.89,12.61,0,0,1,24,774.34,38.717,-0.1924,0,none
21,2025,44,806.23,16.9,1,0,1,24,772.335,38.617,0.8777,0,none
22,2025,44,1100.13,30.54,1,0,1,24,779.998,39.0,8.2086,1,high
23,2025,44,1056.71,31.33,1,0,1,24,864.6,136.694,1.4054,0,none
24,2025,44,1042.0,29.73,1,0,1,24,932.49,147.393,0.743,0,none
25,2025,44,1060.61,29.07,1,0,1,24,1001.267,114.615,0.5178,0,none
26,2025,44,1073.09,27.64,1,0,1,24,1064.862,53.243,0.1545,0,none
27,2025,44,1072.81,29.13,1,0,1,24,1058.102,52.905,0.278,0,none
28,2025,44,1080.23,30.89,1,0,1,24,1062.127,53.106,0.3409,0,none
29,2025,44,1055.75,30.1,1,0,1,24,1071.685,53.584,-0.2974,0,none
30,2025,44,1119.16,29.57,1,0,1,24,1070.47,53.523,0.9097,0,none
31,2025,44,1070.8,31.04,1,0,1,24,1081.987,54.099,-0.2068,0,none
32,2025,44,1063.3,29.29,1,0,1,24,1081.485,54.074,-0.3363,0,none
33,2025,44,1089.62,30.97,1,0,1,24,1077.253,53.863,0.2296,0,none
34,2025,44,1069.0,30.3,1,0,1,24,1085.72,54.286,-0.308,0,none
35,2025,44,826.27,13.64,0,0,1,24,1073.18,53.659,-4.6015,1,low
36,2025,44,814.78,15.21,0,0,1,24,1012.048,107.705,-1.8316,0,none
37,2025,44,823.79,12.69,0,0,1,24,949.918,129.661,-0.9727,0,none
38,2025,44,804.12,14.16,0,0,1,24,883.46,107.207,-0.7401,0,none
39,2025,44,805.5,12.03,0,0,1,24,817.24,40.862,-0.2873,0,none
40,2025,44,798.93,14.27,0,0,1,24,812.048,40.602,-0.3231,0,none
41,2025,44,821.64,13.6,0,0,1,24,808.085,40.404,0.3355,0,none
42,2025,44,819.39,11.79,0,0,1,24,807.548,40.377,0.2933,0,none
43,2025,44,796.88,14.67,0,0,1,24,811.365,40.568,-0.3571,0,none
44,2025,44,817.77,13.8,0,0,1,24,809.21,40.461,0.2116,0,none
45,2025,44,791.91,11.57,0,0,1,24,813.92,40.696,-0.5408,0,none
46,2025,44,802.53,14.94,0,0,1,24,806.487,40.324,-0.0981,0,none
47,2025,44,818.36,11.51,0,0,1,24,802.273,40.114,0.401,0,none
48,2025,44,1198.75,1.43,0,1,1,24,807.643,40.382,9.6852,1,high
49,2025,44,1185.52,1.67,0,1,1,24,902.888,171.075,1.6521,0,none
50,2025,44,1153.11,-1.34,0,1,1,24,1001.29,190.984,0.7949,0,none
51,2025,44,1144.75,0.9,0,1,1,24,1088.935,157.097,0.3553,0,none
52,2025,44,509.91,-1.4,0,1,1,0,1170.533,58.527,-11.2876,1,low
0,2025,48,2695.11,0.6,0,1,1,72,2695.11,0.0,0.0,0,none
1,2025,48,3762.78,0.69,0,1,1,72,3762.78,0.0,0.0,0,none
2,2025,48,3683.35,-0.69,0,1,1,72,3683.35,0.0,0.0,0,none
3,2025,48,3780.38,0.31,0,1,1,72,3780.38,0.0,0.0,0,none
4,2025,48,3704.55,-0.41,0,1,1,72,3480.405,454.861,0.4928,0,none
5,2025,48,3761.12,-1.66,0,1,1,72,3732.765,186.638,0.1519,0,none
6,2025,48,3710.02,2.1,0,1,1,72,3732.35,186.618,-0.1197,0,none
7,2025,48,3732.97,-2.94,0,1,1,72,3739.017,186.951,-0.0323,0,none
8,2025,48,3364.98,5.66,0,1,1,72,3727.165,186.358,-1.9435,0,none
9,2025,48,2566.62,15.76,0,0,1,72,3642.272,182.114,-5.9065,1,low
10,2025,48,2546.84,14.53,0,0,1,72,3343.647,471.706,-1.6892,0,none
11,2025,48,2551.78,15.01,0,0,1,72,3052.852,512.946,-0.9769,0,none
12,2025,48,2540.21,15.56,0,0,1,72,2757.555,350.773,-0.6196,0,none
13,2025,48,2590.24,15.67,0,0,1,72,2551.362,127.568,0.3048,0,none
14,2025,48,2529.44,14.16,0,0,1,72,2557.267,127.863,-0.2176,0,none
15,2025,48,2545.68,14.07,0,0,1,72,2552.918,127.646,-0.0567,0,none
16,2025,48,2487.68,13.27,0,0,1,72,2551.393,127.57,-0.4994,0,none
17,2025,48,2535.88,16.17,0,0,1,72,2538.26,126.913,-0.0188,0,none
18,2025,48,2531.79,14.64,0,0,1,72,2524.67,126.234,0.0564,0,none
19,2025,48,2532.28,14.07,0,0,1,72,2525.257,126.263,0.0556,0,none
20,2025,48,2540.29,12.61,0,0,1,72,2521.907,126.095,0.1458,0,none
21,2025,48,2647.41,16.9,1,0,1,72,2535.06,126.753,0.8864,0,none
22,2025,48,3546.2,30.54,1,0,1,72,2562.942,128.147,7.6729,1,high
23,2025,48,3505.53,31.33,1,0,1,72,2816.545,423.712,1.6261,0,none
24,2025,48,3430.07,29.73,1,0,1,72,3059.857,467.765,0.7914,0,none
25,2025,48,3451.82,29.07,1,0,1,72,3282.302,368.916,0.4595,0,none
26,2025,48,3452.14,27.64,1,0,1,72,3483.405,174.17,-0.1795,0,none
27,2025,48,3479.36,29.13,1,0,1,72,3459.89,172.994,0.1125,0,none
28,2025,48,3481.76,30.89,1,0,1,72,3453.347,172.667,0.1646,0,none
29,2025,48,3418.38,30.1,1,0,1,72,3466.27,173.313,-0.2763,0,none
30,2025,48,3527.39,29.57,1,0,1,72,3457.91,172.896,0.4019,0,none
31,2025,48,3461.16,31.04,1,0,1,72,3476.723,173.836,-0.0895,0,none
32,2025,48,3505.77,29.29,1,0,1,72,3472.173,173.609,0.1935,0,none
33,2025,48,3475.34,30.97,1,0,1,72,3478.175,173.909,-0.0163,0,none
34,2025,48,3436.7,30.3,1,0,1,72,3492.415,174.621,-0.3191,0,none
35,2025,48,2685.51,13.64,0,0,1,72,3469.743,173.487,-4.5204,1,low
36,2025,48,2643.61,15.21,0,0,1,72,3275.83,341.699,-1.8502,0,none
37,2025,48,2613.3,12.69,0,0,1,72,3060.29,396.243,-1.1281,0,none
38,2025,48,2638.82,14.16,0,0,1,72,2844.78,342.706,-0.601,0,none
39,2025,48,2618.83,12.03,0,0,1,72,2645.31,132.266,-0.2002,0,none
40,2025,48,2661.4,14.27,0,0,1,72,2628.64,131.432,0.2493,0,none
41,2025,48,2659.12,13.6,0,0,1,72,2633.087,131.654,0.1977,0,none
42,2025,48,2613.46,11.79,0,0,1,72,2644.542,132.227,-0.2351,0,none
43,2025,48,2625.11,14.67,0,0,1,72,2638.202,131.91,-0.0993,0,none
44,2025,48,2631.34,13.8,0,0,1,72,2639.773,131.989,-0.0639,0,none
45,2025,48,2621.14,11.57,0,0,1,72,2632.258,131.613,-0.0845,0,none
46,2025,48,2676.3,14.94,0,0,1,72,2622.763,131.138,0.4083,0,none
47,2025,48,2681.43,11.51,0,0,1,72,2638.472,131.924,0.3256,0,none
48,2025,48,3815.46,1.43,0,1,1,72,2652.552,132.628,8.7682,1,high
49,2025,48,3758.28,1.67,0,1,1,72,2948.582,501.05,1.616,0,none
50,2025,48,3681.97,-1.34,0,1,1,72,3232.867,554.374,0.8101,0,none
51,2025,48,3772.42,0.9,0,1,1,72,3484.285,465.941,0.6184,0,none
52,2025,48,1587.13,-1.4,0,1,1,0,3757.032,187.852,-11.5512,1,low
